Player1Score,Player2Spin,WinProb1NoSpin,WinProb2NoSpin,WinProb3NoSpin,WinProb1Spin,WinProb2Spin,WinProb3Spin,PolicyDecision
0,1,0,0.0025,0.9975,0,0.339875,0.660125,1
0,2,0,0.00875,0.99125,0,0.339438,0.660563,1
0,3,0,0.02,0.98,0,0.338438,0.661563,1
0,4,0,0.03625,0.96375,0,0.336625,0.663375,1
0,5,0,0.0575,0.9425,0,0.33375,0.66625,1
0,6,0,0.08375,0.91625,0,0.329562,0.670438,1
0,7,0,0.115,0.885,0,0.323813,0.676188,1
0,8,0,0.15125,0.84875,0,0.31625,0.68375,1
0,9,0,0.1925,0.8075,0,0.306625,0.693375,1
0,10,0,0.23875,0.76125,0,0.294687,0.705313,1
0,11,0,0.2875,0.7125,0,0.280313,0.719688,0
0,12,0,0.34125,0.65875,0,0.26325,0.73675,0
0,13,0,0.4,0.6,0,0.24325,0.75675,0
0,14,0,0.46375,0.53625,0,0.220062,0.779937,0
0,15,0,0.5325,0.4675,0,0.193438,0.806562,0
0,16,0,0.60625,0.39375,0,0.163125,0.836875,0
0,17,0,0.685,0.315,0,0.128875,0.871125,0
0,18,0,0.76875,0.23125,0,0.0904375,0.909563,0
0,19,0,0.8575,0.1425,0,0.0475625,0.952438,0
0,20,0,0.95125,0.04875,-1,-1,-1,0
1,1,0.00125,0.00125,0.9975,0.000125,0.339875,0.66,1
1,2,0,0.00875,0.99125,0.00025,0.339438,0.660312,1
1,3,0,0.02,0.98,0.000375,0.338438,0.661188,1
1,4,0,0.03625,0.96375,0.0005,0.336625,0.662875,1
1,5,0,0.0575,0.9425,0.000625,0.33375,0.665625,1
1,6,0,0.08375,0.91625,0.00075,0.329562,0.669687,1
1,7,0,0.115,0.885,0.000875,0.323813,0.675312,1
1,8,0,0.15125,0.84875,0.001,0.31625,0.68275,1
1,9,0,0.1925,0.8075,0.001125,0.306625,0.69225,1
1,10,0,0.23875,0.76125,0.00125,0.294687,0.704063,1
1,11,0,0.2875,0.7125,0.001375,0.280313,0.718313,0
1,12,0,0.34125,0.65875,0.0015,0.26325,0.73525,0
1,13,0,0.4,0.6,0.001625,0.24325,0.755125,0
1,14,0,0.46375,0.53625,0.00175,0.220062,0.778188,0
1,15,0,0.5325,0.4675,0.001875,0.193438,0.804688,0
1,16,0,0.60625,0.39375,0.002,0.163125,0.834875,0
1,17,0,0.685,0.315,0.002125,0.128875,0.869,0
1,18,0,0.76875,0.23125,0.00225,0.0904375,0.907312,0
1,19,0,0.8575,0.1425,0.002375,0.0475625,0.950063,0
1,20,0,0.95125,0.04875,-1,-1,-1,0
2,1,0.00875,0,0.99125,0.000666667,0.339667,0.659667,1
2,2,0.00458333,0.00458333,0.990833,0.000875,0.339438,0.659687,1
2,3,0,0.02,0.98,0.0013125,0.338438,0.66025,1
2,4,0,0.03625,0.96375,0.00175,0.336625,0.661625,1
2,5,0,0.0575,0.9425,0.0021875,0.33375,0.664062,1
2,6,0,0.08375,0.91625,0.002625,0.329562,0.667813,1
2,7,0,0.115,0.885,0.0030625,0.323813,0.673125,1
2,8,0,0.15125,0.84875,0.0035,0.31625,0.68025,1
2,9,0,0.1925,0.8075,0.0039375,0.306625,0.689438,1
2,10,0,0.23875,0.76125,0.004375,0.294687,0.700937,1
2,11,0,0.2875,0.7125,0.0048125,0.280313,0.714875,0
2,12,0,0.34125,0.65875,0.00525,0.26325,0.7315,0
2,13,0,0.4,0.6,0.0056875,0.24325,0.751062,0
2,14,0,0.46375,0.53625,0.006125,0.220062,0.773813,0
2,15,0,0.5325,0.4675,0.0065625,0.193438,0.8,0
2,16,0,0.60625,0.39375,0.007,0.163125,0.829875,0
2,17,0,0.685,0.315,0.0074375,0.128875,0.863688,0
2,18,0,0.76875,0.23125,0.007875,0.0904375,0.901687,0
2,19,0,0.8575,0.1425,0.0083125,0.0475625,0.944125,0
2,20,0,0.95125,0.04875,-1,-1,-1,0
3,1,0.02,0,0.98,0.00252083,0.338958,0.658521,1
3,2,0.02,0,0.98,0.00252083,0.338958,0.658521,1
3,3,0.0104167,0.0104167,0.979167,0.003,0.338438,0.658563,1
3,4,0,0.03625,0.96375,0.004,0.336625,0.659375,1
3,5,0,0.0575,0.9425,0.005,0.33375,0.66125,1
3,6,0,0.08375,0.91625,0.006,0.329562,0.664438,1
3,7,0,0.115,0.885,0.007,0.323813,0.669188,1
3,8,0,0.15125,0.84875,0.008,0.31625,0.67575,1
3,9,0,0.1925,0.8075,0.009,0.306625,0.684375,1
3,10,0,0.23875,0.76125,0.01,0.294687,0.695312,1
3,11,0,0.2875,0.7125,0.011,0.280313,0.708688,0
3,12,0,0.34125,0.65875,0.012,0.26325,0.72475,0
3,13,0,0.4,0.6,0.013,0.24325,0.74375,0
3,14,0,0.46375,0.53625,0.014,0.220062,0.765938,0
3,15,0,0.5325,0.4675,0.015,0.193438,0.791562,0
3,16,0,0.60625,0.39375,0.016,0.163125,0.820875,0
3,17,0,0.685,0.315,0.017,0.128875,0.854125,0
3,18,0,0.76875,0.23125,0.018,0.0904375,0.891563,0
3,19,0,0.8575,0.1425,0.019,0.0475625,0.933438,0
3,20,0,0.95125,0.04875,-1,-1,-1,0
4,1,0.03625,0,0.96375,0.006375,0.337562,0.656062,1
4,2,0.03625,0,0.96375,0.006375,0.337562,0.656062,1
4,3,0.03625,0,0.96375,0.006375,0.337562,0.656062,1
4,4,0.01875,0.01875,0.9625,0.00725,0.336625,0.656125,1
4,5,0,0.0575,0.9425,0.0090625,0.33375,0.657188,1
4,6,0,0.08375,0.91625,0.010875,0.329562,0.659563,1
4,7,0,0.115,0.885,0.0126875,0.323813,0.6635,1
4,8,0,0.15125,0.84875,0.0145,0.31625,0.66925,1
4,9,0,0.1925,0.8075,0.0163125,0.306625,0.677063,1
4,10,0,0.23875,0.76125,0.018125,0.294687,0.687187,1
4,11,0,0.2875,0.7125,0.0199375,0.280313,0.69975,0
4,12,0,0.34125,0.65875,0.02175,0.26325,0.715,0
4,13,0,0.4,0.6,0.0235625,0.24325,0.733187,0
4,14,0,0.46375,0.53625,0.025375,0.220062,0.754563,0
4,15,0,0.5325,0.4675,0.0271875,0.193438,0.779375,0
4,16,0,0.60625,0.39375,0.029,0.163125,0.807875,0
4,17,0,0.685,0.315,0.0308125,0.128875,0.840313,0
4,18,0,0.76875,0.23125,0.032625,0.0904375,0.876938,0
4,19,0,0.8575,0.1425,0.0344375,0.0475625,0.918,0
4,20,0,0.95125,0.04875,-1,-1,-1,0
5,1,0.0575,0,0.9425,0.0129792,0.335229,0.651792,1
5,2,0.0575,0,0.9425,0.0129792,0.335229,0.651792,1
5,3,0.0575,0,0.9425,0.0129792,0.335229,0.651792,1
5,4,0.0575,0,0.9425,0.0129792,0.335229,0.651792,1
5,5,0.0295833,0.0295833,0.940833,0.014375,0.33375,0.651875,1
5,6,0,0.08375,0.91625,0.01725,0.329562,0.653188,1
5,7,0,0.115,0.885,0.020125,0.323813,0.656062,1
5,8,0,0.15125,0.84875,0.023,0.31625,0.66075,1
5,9,0,0.1925,0.8075,0.025875,0.306625,0.6675,1
5,10,0,0.23875,0.76125,0.02875,0.294687,0.676562,1
5,11,0,0.2875,0.7125,0.031625,0.280313,0.688063,0
5,12,0,0.34125,0.65875,0.0345,0.26325,0.70225,0
5,13,0,0.4,0.6,0.037375,0.24325,0.719375,0
5,14,0,0.46375,0.53625,0.04025,0.220062,0.739688,0
5,15,0,0.5325,0.4675,0.043125,0.193438,0.763437,0
5,16,0,0.60625,0.39375,0.046,0.163125,0.790875,0
5,17,0,0.685,0.315,0.048875,0.128875,0.82225,0
5,18,0,0.76875,0.23125,0.05175,0.0904375,0.857812,0
5,19,0,0.8575,0.1425,0.054625,0.0475625,0.897813,0
5,20,0,0.95125,0.04875,-1,-1,-1,0
6,1,0.08375,0,0.91625,0.0230833,0.331708,0.645208,1
6,2,0.08375,0,0.91625,0.0230833,0.331708,0.645208,1
6,3,0.08375,0,0.91625,0.0230833,0.331708,0.645208,1
6,4,0.08375,0,0.91625,0.0230833,0.331708,0.645208,1
6,5,0.08375,0,0.91625,0.0230833,0.331708,0.645208,1
6,6,0.0429167,0.0429167,0.914167,0.025125,0.329562,0.645312,1
6,7,0,0.115,0.885,0.0293125,0.323813,0.646875,1
6,8,0,0.15125,0.84875,0.0335,0.31625,0.65025,1
6,9,0,0.1925,0.8075,0.0376875,0.306625,0.655687,1
6,10,0,0.23875,0.76125,0.041875,0.294687,0.663438,1
6,11,0,0.2875,0.7125,0.0460625,0.280313,0.673625,0
6,12,0,0.34125,0.65875,0.05025,0.26325,0.6865,0
6,13,0,0.4,0.6,0.0544375,0.24325,0.702313,0
6,14,0,0.46375,0.53625,0.058625,0.220062,0.721313,0
6,15,0,0.5325,0.4675,0.0628125,0.193438,0.74375,0
6,16,0,0.60625,0.39375,0.067,0.163125,0.769875,0
6,17,0,0.685,0.315,0.0711875,0.128875,0.799937,0
6,18,0,0.76875,0.23125,0.075375,0.0904375,0.834187,0
6,19,0,0.8575,0.1425,0.0795625,0.0475625,0.872875,0
6,20,0,0.95125,0.04875,-1,-1,-1,0
7,1,0.115,0,0.885,0.0374375,0.32675,0.635813,1
7,2,0.115,0,0.885,0.0374375,0.32675,0.635813,1
7,3,0.115,0,0.885,0.0374375,0.32675,0.635813,1
7,4,0.115,0,0.885,0.0374375,0.32675,0.635813,1
7,5,0.115,0,0.885,0.0374375,0.32675,0.635813,1
7,6,0.115,0,0.885,0.0374375,0.32675,0.635813,1
7,7,0.05875,0.05875,0.8825,0.04025,0.323813,0.635938,1
7,8,0,0.15125,0.84875,0.046,0.31625,0.63775,1
7,9,0,0.1925,0.8075,0.05175,0.306625,0.641625,1
7,10,0,0.23875,0.76125,0.0575,0.294687,0.647813,1
7,11,0,0.2875,0.7125,0.06325,0.280313,0.656438,0
7,12,0,0.34125,0.65875,0.069,0.26325,0.66775,0
7,13,0,0.4,0.6,0.07475,0.24325,0.682,0
7,14,0,0.46375,0.53625,0.0805,0.220062,0.699438,0
7,15,0,0.5325,0.4675,0.08625,0.193438,0.720313,0
7,16,0,0.60625,0.39375,0.092,0.163125,0.744875,0
7,17,0,0.685,0.315,0.09775,0.128875,0.773375,0
7,18,0,0.76875,0.23125,0.1035,0.0904375,0.806063,0
7,19,0,0.8575,0.1425,0.10925,0.0475625,0.843187,0
7,20,0,0.95125,0.04875,-1,-1,-1,0
8,1,0.15125,0,0.84875,0.0567917,0.320104,0.623104,1
8,2,0.15125,0,0.84875,0.0567917,0.320104,0.623104,1
8,3,0.15125,0,0.84875,0.0567917,0.320104,0.623104,1
8,4,0.15125,0,0.84875,0.0567917,0.320104,0.623104,1
8,5,0.15125,0,0.84875,0.0567917,0.320104,0.623104,1
8,6,0.15125,0,0.84875,0.0567917,0.320104,0.623104,1
8,7,0.15125,0,0.84875,0.0567917,0.320104,0.623104,1
8,8,0.0770833,0.0770833,0.845833,0.0605,0.31625,0.62325,1
8,9,0,0.1925,0.8075,0.0680625,0.306625,0.625313,1
8,10,0,0.23875,0.76125,0.075625,0.294687,0.629687,1
8,11,0,0.2875,0.7125,0.0831875,0.280313,0.6365,0
8,12,0,0.34125,0.65875,0.09075,0.26325,0.646,0
8,13,0,0.4,0.6,0.0983125,0.24325,0.658438,0
8,14,0,0.46375,0.53625,0.105875,0.220062,0.674063,0
8,15,0,0.5325,0.4675,0.113437,0.193438,0.693125,0
8,16,0,0.60625,0.39375,0.121,0.163125,0.715875,0
8,17,0,0.685,0.315,0.128562,0.128875,0.742563,0
8,18,0,0.76875,0.23125,0.136125,0.0904375,0.773438,0
8,19,0,0.8575,0.1425,0.143687,0.0475625,0.80875,0
8,20,0,0.95125,0.04875,-1,-1,-1,0
9,1,0.1925,0,0.8075,0.0818958,0.311521,0.606583,1
9,2,0.1925,0,0.8075,0.0818958,0.311521,0.606583,1
9,3,0.1925,0,0.8075,0.0818958,0.311521,0.606583,1
9,4,0.1925,0,0.8075,0.0818958,0.311521,0.606583,1
9,5,0.1925,0,0.8075,0.0818958,0.311521,0.606583,1
9,6,0.1925,0,0.8075,0.0818958,0.311521,0.606583,1
9,7,0.1925,0,0.8075,0.0818958,0.311521,0.606583,1
9,8,0.1925,0,0.8075,0.0818958,0.311521,0.606583,1
9,9,0.0979167,0.0979167,0.804167,0.086625,0.306625,0.60675,1
9,10,0,0.23875,0.76125,0.09625,0.294687,0.609062,1
9,11,0,0.2875,0.7125,0.105875,0.280313,0.613812,0
9,12,0,0.34125,0.65875,0.1155,0.26325,0.62125,0
9,13,0,0.4,0.6,0.125125,0.24325,0.631625,0
9,14,0,0.46375,0.53625,0.13475,0.220062,0.645188,0
9,15,0,0.5325,0.4675,0.144375,0.193438,0.662188,0
9,16,0,0.60625,0.39375,0.154,0.163125,0.682875,0
9,17,0,0.685,0.315,0.163625,0.128875,0.7075,0
9,18,0,0.76875,0.23125,0.17325,0.0904375,0.736313,0
9,19,0,0.8575,0.1425,0.182875,0.0475625,0.769563,0
9,20,0,0.95125,0.04875,-1,-1,-1,0
10,1,0.23875,0,0.76125,0.1135,0.30075,0.58575,1
10,2,0.23875,0,0.76125,0.1135,0.30075,0.58575,1
10,3,0.23875,0,0.76125,0.1135,0.30075,0.58575,1
10,4,0.23875,0,0.76125,0.1135,0.30075,0.58575,1
10,5,0.23875,0,0.76125,0.1135,0.30075,0.58575,1
10,6,0.23875,0,0.76125,0.1135,0.30075,0.58575,1
10,7,0.23875,0,0.76125,0.1135,0.30075,0.58575,1
10,8,0.23875,0,0.76125,0.1135,0.30075,0.58575,1
10,9,0.23875,0,0.76125,0.1135,0.30075,0.58575,1
10,10,0.12125,0.12125,0.7575,0.119375,0.294687,0.585938,1
10,11,0,0.2875,0.7125,0.131312,0.280313,0.588375,0
10,12,0,0.34125,0.65875,0.14325,0.26325,0.5935,0
10,13,0,0.4,0.6,0.155188,0.24325,0.601562,0
10,14,0,0.46375,0.53625,0.167125,0.220062,0.612812,0
10,15,0,0.5325,0.4675,0.179063,0.193438,0.6275,0
10,16,0,0.60625,0.39375,0.191,0.163125,0.645875,0
10,17,0,0.685,0.315,0.202937,0.128875,0.668188,0
10,18,0,0.76875,0.23125,0.214875,0.0904375,0.694688,0
10,19,0,0.8575,0.1425,0.226813,0.0475625,0.725625,0
10,20,0,0.95125,0.04875,-1,-1,-1,0
11,1,0.2875,0,0.7125,0.151104,0.287667,0.561229,1
11,2,0.2875,0,0.7125,0.151104,0.287667,0.561229,1
11,3,0.2875,0,0.7125,0.151104,0.287667,0.561229,1
11,4,0.2875,0,0.7125,0.151104,0.287667,0.561229,1
11,5,0.2875,0,0.7125,0.151104,0.287667,0.561229,1
11,6,0.2875,0,0.7125,0.151104,0.287667,0.561229,1
11,7,0.2875,0,0.7125,0.151104,0.287667,0.561229,1
11,8,0.2875,0,0.7125,0.151104,0.287667,0.561229,1
11,9,0.2875,0,0.7125,0.151104,0.287667,0.561229,1
11,10,0.2875,0,0.7125,0.151104,0.287667,0.561229,1
11,11,0.147083,0.147083,0.705833,0.158125,0.280313,0.561562,1
11,12,0,0.34125,0.65875,0.1725,0.26325,0.56425,0
11,13,0,0.4,0.6,0.186875,0.24325,0.569875,0
11,14,0,0.46375,0.53625,0.20125,0.220062,0.578688,0
11,15,0,0.5325,0.4675,0.215625,0.193438,0.590938,0
11,16,0,0.60625,0.39375,0.23,0.163125,0.606875,0
11,17,0,0.685,0.315,0.244375,0.128875,0.62675,0
11,18,0,0.76875,0.23125,0.25875,0.0904375,0.650813,0
11,19,0,0.8575,0.1425,0.273125,0.0475625,0.679312,0
11,20,0,0.95125,0.04875,-1,-1,-1,0
12,1,0.34125,0,0.65875,0.196458,0.272021,0.531521,1
12,2,0.34125,0,0.65875,0.196458,0.272021,0.531521,1
12,3,0.34125,0,0.65875,0.196458,0.272021,0.531521,1
12,4,0.34125,0,0.65875,0.196458,0.272021,0.531521,1
12,5,0.34125,0,0.65875,0.196458,0.272021,0.531521,1
12,6,0.34125,0,0.65875,0.196458,0.272021,0.531521,1
12,7,0.34125,0,0.65875,0.196458,0.272021,0.531521,1
12,8,0.34125,0,0.65875,0.196458,0.272021,0.531521,1
12,9,0.34125,0,0.65875,0.196458,0.272021,0.531521,1
12,10,0.34125,0,0.65875,0.196458,0.272021,0.531521,1
12,11,0.34125,0,0.65875,0.196458,0.272021,0.531521,1
12,12,0.175417,0.175417,0.649167,0.20475,0.26325,0.532,1
12,13,0,0.4,0.6,0.221812,0.24325,0.534937,0
12,14,0,0.46375,0.53625,0.238875,0.220062,0.541063,0
12,15,0,0.5325,0.4675,0.255937,0.193438,0.550625,0
12,16,0,0.60625,0.39375,0.273,0.163125,0.563875,0
12,17,0,0.685,0.315,0.290063,0.128875,0.581063,0
12,18,0,0.76875,0.23125,0.307125,0.0904375,0.602437,0
12,19,0,0.8575,0.1425,0.324188,0.0475625,0.62825,0
12,20,0,0.95125,0.04875,-1,-1,-1,0
13,1,0.4,0,0.6,0.250312,0.253563,0.496125,1
13,2,0.4,0,0.6,0.250312,0.253563,0.496125,1
13,3,0.4,0,0.6,0.250312,0.253563,0.496125,1
13,4,0.4,0,0.6,0.250312,0.253563,0.496125,1
13,5,0.4,0,0.6,0.250312,0.253563,0.496125,1
13,6,0.4,0,0.6,0.250312,0.253563,0.496125,1
13,7,0.4,0,0.6,0.250312,0.253563,0.496125,1
13,8,0.4,0,0.6,0.250312,0.253563,0.496125,1
13,9,0.4,0,0.6,0.250312,0.253563,0.496125,1
13,10,0.4,0,0.6,0.250312,0.253563,0.496125,1
13,11,0.4,0,0.6,0.250312,0.253563,0.496125,1
13,12,0.4,0,0.6,0.250312,0.253563,0.496125,1
13,13,0.20625,0.20625,0.5875,0.26,0.24325,0.49675,1
13,14,0,0.46375,0.53625,0.28,0.220062,0.499937,0
13,15,0,0.5325,0.4675,0.3,0.193438,0.506563,0
13,16,0,0.60625,0.39375,0.32,0.163125,0.516875,0
13,17,0,0.685,0.315,0.34,0.128875,0.531125,0
13,18,0,0.76875,0.23125,0.36,0.0904375,0.549562,0
13,19,0,0.8575,0.1425,0.38,0.0475625,0.572438,0
13,20,0,0.95125,0.04875,-1,-1,-1,0
14,1,0.46375,0,0.53625,0.313375,0.232,0.454625,1
14,2,0.46375,0,0.53625,0.313375,0.232,0.454625,1
14,3,0.46375,0,0.53625,0.313375,0.232,0.454625,1
14,4,0.46375,0,0.53625,0.313375,0.232,0.454625,1
14,5,0.46375,0,0.53625,0.313375,0.232,0.454625,1
14,6,0.46375,0,0.53625,0.313375,0.232,0.454625,1
14,7,0.46375,0,0.53625,0.313375,0.232,0.454625,1
14,8,0.46375,0,0.53625,0.313375,0.232,0.454625,1
14,9,0.46375,0,0.53625,0.313375,0.232,0.454625,1
14,10,0.46375,0,0.53625,0.313375,0.232,0.454625,1
14,11,0.46375,0,0.53625,0.313375,0.232,0.454625,1
14,12,0.46375,0,0.53625,0.313375,0.232,0.454625,1
14,13,0.46375,0,0.53625,0.313375,0.232,0.454625,1
14,14,0.23875,0.23875,0.5225,0.324625,0.220062,0.455313,0
14,15,0,0.5325,0.4675,0.347813,0.193438,0.45875,0
14,16,0,0.60625,0.39375,0.371,0.163125,0.465875,0
14,17,0,0.685,0.315,0.394188,0.128875,0.476938,0
14,18,0,0.76875,0.23125,0.417375,0.0904375,0.492188,0
14,19,0,0.8575,0.1425,0.440563,0.0475625,0.511875,0
14,20,0,0.95125,0.04875,-1,-1,-1,0
15,1,0.5325,0,0.4675,0.386417,0.207104,0.406479,1
15,2,0.5325,0,0.4675,0.386417,0.207104,0.406479,1
15,3,0.5325,0,0.4675,0.386417,0.207104,0.406479,1
15,4,0.5325,0,0.4675,0.386417,0.207104,0.406479,1
15,5,0.5325,0,0.4675,0.386417,0.207104,0.406479,1
15,6,0.5325,0,0.4675,0.386417,0.207104,0.406479,1
15,7,0.5325,0,0.4675,0.386417,0.207104,0.406479,1
15,8,0.5325,0,0.4675,0.386417,0.207104,0.406479,1
15,9,0.5325,0,0.4675,0.386417,0.207104,0.406479,1
15,10,0.5325,0,0.4675,0.386417,0.207104,0.406479,1
15,11,0.5325,0,0.4675,0.386417,0.207104,0.406479,1
15,12,0.5325,0,0.4675,0.386417,0.207104,0.406479,1
15,13,0.5325,0,0.4675,0.386417,0.207104,0.406479,1
15,14,0.5325,0,0.4675,0.386417,0.207104,0.406479,1
15,15,0.273333,0.273333,0.453333,0.399375,0.193438,0.407187,0
15,16,0,0.60625,0.39375,0.426,0.163125,0.410875,0
15,17,0,0.685,0.315,0.452625,0.128875,0.4185,0
15,18,0,0.76875,0.23125,0.47925,0.0904375,0.430312,0
15,19,0,0.8575,0.1425,0.505875,0.0475625,0.446562,0
15,20,0,0.95125,0.04875,-1,-1,-1,0
16,1,0.60625,0,0.39375,0.470208,0.178646,0.351146,1
16,2,0.60625,0,0.39375,0.470208,0.178646,0.351146,1
16,3,0.60625,0,0.39375,0.470208,0.178646,0.351146,1
16,4,0.60625,0,0.39375,0.470208,0.178646,0.351146,1
16,5,0.60625,0,0.39375,0.470208,0.178646,0.351146,1
16,6,0.60625,0,0.39375,0.470208,0.178646,0.351146,1
16,7,0.60625,0,0.39375,0.470208,0.178646,0.351146,1
16,8,0.60625,0,0.39375,0.470208,0.178646,0.351146,1
16,9,0.60625,0,0.39375,0.470208,0.178646,0.351146,1
16,10,0.60625,0,0.39375,0.470208,0.178646,0.351146,1
16,11,0.60625,0,0.39375,0.470208,0.178646,0.351146,1
16,12,0.60625,0,0.39375,0.470208,0.178646,0.351146,1
16,13,0.60625,0,0.39375,0.470208,0.178646,0.351146,1
16,14,0.60625,0,0.39375,0.470208,0.178646,0.351146,1
16,15,0.60625,0,0.39375,0.470208,0.178646,0.351146,1
16,16,0.310417,0.310417,0.379167,0.485,0.163125,0.351875,0
16,17,0,0.685,0.315,0.515312,0.128875,0.355812,0
16,18,0,0.76875,0.23125,0.545625,0.0904375,0.363938,0
16,19,0,0.8575,0.1425,0.575937,0.0475625,0.3765,0
16,20,0,0.95125,0.04875,-1,-1,-1,0
17,1,0.685,0,0.315,0.5655,0.146375,0.288125,1
17,2,0.685,0,0.315,0.5655,0.146375,0.288125,1
17,3,0.685,0,0.315,0.5655,0.146375,0.288125,1
17,4,0.685,0,0.315,0.5655,0.146375,0.288125,1
17,5,0.685,0,0.315,0.5655,0.146375,0.288125,1
17,6,0.685,0,0.315,0.5655,0.146375,0.288125,1
17,7,0.685,0,0.315,0.5655,0.146375,0.288125,1
17,8,0.685,0,0.315,0.5655,0.146375,0.288125,1
17,9,0.685,0,0.315,0.5655,0.146375,0.288125,1
17,10,0.685,0,0.315,0.5655,0.146375,0.288125,1
17,11,0.685,0,0.315,0.5655,0.146375,0.288125,1
17,12,0.685,0,0.315,0.5655,0.146375,0.288125,1
17,13,0.685,0,0.315,0.5655,0.146375,0.288125,1
17,14,0.685,0,0.315,0.5655,0.146375,0.288125,1
17,15,0.685,0,0.315,0.5655,0.146375,0.288125,1
17,16,0.685,0,0.315,0.5655,0.146375,0.288125,1
17,17,0.35,0.35,0.3,0.58225,0.128875,0.288875,0
17,18,0,0.76875,0.23125,0.6165,0.0904375,0.293063,0
17,19,0,0.8575,0.1425,0.65075,0.0475625,0.301687,0
17,20,0,0.95125,0.04875,-1,-1,-1,0
18,1,0.76875,0,0.23125,0.673042,0.110042,0.216917,1
18,2,0.76875,0,0.23125,0.673042,0.110042,0.216917,1
18,3,0.76875,0,0.23125,0.673042,0.110042,0.216917,1
18,4,0.76875,0,0.23125,0.673042,0.110042,0.216917,1
18,5,0.76875,0,0.23125,0.673042,0.110042,0.216917,1
18,6,0.76875,0,0.23125,0.673042,0.110042,0.216917,1
18,7,0.76875,0,0.23125,0.673042,0.110042,0.216917,1
18,8,0.76875,0,0.23125,0.673042,0.110042,0.216917,1
18,9,0.76875,0,0.23125,0.673042,0.110042,0.216917,1
18,10,0.76875,0,0.23125,0.673042,0.110042,0.216917,1
18,11,0.76875,0,0.23125,0.673042,0.110042,0.216917,1
18,12,0.76875,0,0.23125,0.673042,0.110042,0.216917,1
18,13,0.76875,0,0.23125,0.673042,0.110042,0.216917,1
18,14,0.76875,0,0.23125,0.673042,0.110042,0.216917,1
18,15,0.76875,0,0.23125,0.673042,0.110042,0.216917,1
18,16,0.76875,0,0.23125,0.673042,0.110042,0.216917,1
18,17,0.76875,0,0.23125,0.673042,0.110042,0.216917,1
18,18,0.392083,0.392083,0.215833,0.691875,0.0904375,0.217688,0
18,19,0,0.8575,0.1425,0.730313,0.0475625,0.222125,0
18,20,0,0.95125,0.04875,-1,-1,-1,0
19,1,0.8575,0,0.1425,0.793583,0.0693958,0.137021,1
19,2,0.8575,0,0.1425,0.793583,0.0693958,0.137021,1
19,3,0.8575,0,0.1425,0.793583,0.0693958,0.137021,1
19,4,0.8575,0,0.1425,0.793583,0.0693958,0.137021,1
19,5,0.8575,0,0.1425,0.793583,0.0693958,0.137021,1
19,6,0.8575,0,0.1425,0.793583,0.0693958,0.137021,1
19,7,0.8575,0,0.1425,0.793583,0.0693958,0.137021,1
19,8,0.8575,0,0.1425,0.793583,0.0693958,0.137021,1
19,9,0.8575,0,0.1425,0.793583,0.0693958,0.137021,1
19,10,0.8575,0,0.1425,0.793583,0.0693958,0.137021,1
19,11,0.8575,0,0.1425,0.793583,0.0693958,0.137021,1
19,12,0.8575,0,0.1425,0.793583,0.0693958,0.137021,1
19,13,0.8575,0,0.1425,0.793583,0.0693958,0.137021,1
19,14,0.8575,0,0.1425,0.793583,0.0693958,0.137021,1
19,15,0.8575,0,0.1425,0.793583,0.0693958,0.137021,1
19,16,0.8575,0,0.1425,0.793583,0.0693958,0.137021,1
19,17,0.8575,0,0.1425,0.793583,0.0693958,0.137021,1
19,18,0.8575,0,0.1425,0.793583,0.0693958,0.137021,1
19,19,0.436667,0.436667,0.126667,0.814625,0.0475625,0.137813,0
19,20,0,0.95125,0.04875,-1,-1,-1,0
20,1,0.95125,0,0.04875,0.927875,0.0241875,0.0479375,1
20,2,0.95125,0,0.04875,0.927875,0.0241875,0.0479375,1
20,3,0.95125,0,0.04875,0.927875,0.0241875,0.0479375,1
20,4,0.95125,0,0.04875,0.927875,0.0241875,0.0479375,1
20,5,0.95125,0,0.04875,0.927875,0.0241875,0.0479375,1
20,6,0.95125,0,0.04875,0.927875,0.0241875,0.0479375,1
20,7,0.95125,0,0.04875,0.927875,0.0241875,0.0479375,1
20,8,0.95125,0,0.04875,0.927875,0.0241875,0.0479375,1
20,9,0.95125,0,0.04875,0.927875,0.0241875,0.0479375,1
20,10,0.95125,0,0.04875,0.927875,0.0241875,0.0479375,1
20,11,0.95125,0,0.04875,0.927875,0.0241875,0.0479375,1
20,12,0.95125,0,0.04875,0.927875,0.0241875,0.0479375,1
20,13,0.95125,0,0.04875,0.927875,0.0241875,0.0479375,1
20,14,0.95125,0,0.04875,0.927875,0.0241875,0.0479375,1
20,15,0.95125,0,0.04875,0.927875,0.0241875,0.0479375,1
20,16,0.95125,0,0.04875,0.927875,0.0241875,0.0479375,1
20,17,0.95125,0,0.04875,0.927875,0.0241875,0.0479375,1
20,18,0.95125,0,0.04875,0.927875,0.0241875,0.0479375,1
20,19,0.95125,0,0.04875,0.927875,0.0241875,0.0479375,1
20,20,0.48375,0.48375,0.0325,-1,-1,-1,0
